{"cameraMode":{"drawMode":0,"name":"Shaded","section":"Shading Mode"},"sceneLighting":true,"audioPlay":false,"sceneViewState":{"m_AlwaysRefresh":false,"showFog":true,"showSkybox":true,"showFlares":true,"showImageEffects":true,"showParticleSystems":true,"showVisualEffectGraphs":true,"m_FxEnabled":true},"in2DMode":false,"pivot":{"x":1.8451182842254639,"y":1.7874096632003785,"z":-0.3571566641330719},"rotation":{"x":0.011556988582015038,"y":0.6170715689659119,"z":0.009067666716873646,"w":-0.7867745757102966},"size":0.8871099352836609,"orthographic":false}