{"cameraMode":{"drawMode":0,"name":"Shaded","section":"Shading Mode"},"sceneLighting":true,"audioPlay":false,"sceneViewState":{"m_AlwaysRefresh":false,"showFog":true,"showSkybox":true,"showFlares":true,"showImageEffects":true,"showParticleSystems":true,"showVisualEffectGraphs":true,"m_FxEnabled":true},"in2DMode":false,"pivot":{"x":0.33552610874176028,"y":0.5858875513076782,"z":4.128798484802246},"rotation":{"x":-0.05924815684556961,"y":0.923060953617096,"z":-0.15826870501041413,"w":-0.34554600715637209},"size":2.3945512771606447,"orthographic":false}